{"exact": 69.120151371807, "f1": 79.03698117470731, "total": 10570, "HasAns_exact": 69.120151371807, "HasAns_f1": 79.03698117470731, "HasAns_total": 10570}